"Оцените общее впечатление от оказанных Вам услуг:","Оцените качество первоначальной информации об объектах, описания и фотографий объектов на сайтах, порталах и журналах. Ее доступность и понятность:","Оцените организацию просмотров:","Оцените впечатление от просмотра/ов:","Порекомендуете ли Вы Property Selection своим друзьям и знакомым:",Комментарии:,id
3,5,4,4,5,,82
3,3,3,3,3,"oefghqeifugeqiufgeqiofgegq
spcbdpaivbadkvbadkvbadkjvbadkvbad
xapcbadlvbaldkvbadkvbad;kvbad;vbjaoefghqeifugeqiufgeqiofgegq
spcbdpaivbadkvbadkvbadkjvbadkvbad
xapcbadlvbaldkvbadkvbad;kvbad;vbjaoefghqeifugeqiufgeqiofgegq
spcbdpaivbadkvbadkvbadkjvbadkvbad
xapcbadlvbaldkvbadkvbad;kvbad;vbjaoefghqeifugeqiufgeqiofgegq
spcbdpaivbadkvbadkvbadkjvbadkvbad
xapcbadlvbaldkvbadkvbad;kvbad;vbjaoefghqeifugeqiufgeqiofgegq
spcbdpaivbadkvbadkvbadkjvbadkvbad
xapcbadlvbaldkvbadkvbad;kvbad;vbjaoefghqeifugeqiufgeqiofgegq
spcbdpaivbadkvbadkvbadkjvbadkvbad
xapcbadlvbaldkvbadkvbad;kvbad;vbjaoefghqeifugeqiufgeqiofgegq
spcbdpaivbadkvbadkvbadkjvbadkvbad
xapcbadlvbaldkvbadkvbad;kvbad;vbjaoefghqeifugeqiufgeqiofgegq
spcbdpaivbadkvbadkvbadkjvbadkvbad
xapcbadlvbaldkvbadkvbad;kvbad;vbjaoefghqeifugeqiufgeqiofgegq
spcbdpaivbadkvbadkvbadkjvbadkvbad
xapcbadlvbaldkvbadkvbad;kvbad;vbjaoefghqeifugeqiufgeqiofgegq
spcbdpaivbadkvbadkvbadkjvbadkvbad
xapcbadlvbaldkvbadkvbad;kvbad;vbja",90
